{"Average Distortion": 0.08091617332178301, "Worst-Case Distortion": 1.2275000085255834, "Maximum Expansion": 1.1532594537519065, "Maximum Compression": 1.0643745468828802, "_timestamp": 1667492526.7617059, "_runtime": 7.723022937774658, "_step": 9, "_wandb": {"runtime": 7}}