{"Average Distortion": 7.241902744148376e-09, "Worst-Case Distortion": 1.0, "Maximum Expansion": 0.9999999927580973, "Maximum Compression": 1.0000000072419029, "_timestamp": 1663967795.781617, "_runtime": 6.599915027618408, "_step": 9, "_wandb": {"runtime": 6}}