{"Average Distortion": 0.34786074139942447, "Worst-Case Distortion": 2.0250591492173347, "Maximum Expansion": 1.0763402126587718, "Maximum Compression": 1.8814303557562349, "_timestamp": 1667492302.711062, "_runtime": 11.033484935760498, "_step": 9, "_wandb": {"runtime": 9}}