{"Average Distortion": 0.11529748320822723, "WC Dist": 1.2774828170018615, "ME": 1.0801766523422032, "MC": 1.182661015892011, "_timestamp": 1661375763.8946428, "_runtime": 6.805465936660767, "_step": 9, "_wandb": {"runtime": 6}}