{"Average Distortion": 0.6375715356460016, "Worst-Case Distortion": 2.982413906706377, "Maximum Expansion": 0.7217372893304164, "Maximum Compression": 4.132270773307664, "_timestamp": 1667492388.065217, "_runtime": 4.260239124298096, "_step": 9, "_wandb": {"runtime": 4}}