{"Average Distortion": 0.11529748320822723, "WC Dist": 1.2774828170018615, "ME": 1.0801766523422032, "MC": 1.182661015892011, "_timestamp": 1661376043.80444, "_runtime": 6.80165696144104, "_step": 9, "_wandb": {"runtime": 6}}