{"Average Distortion": 0.11280768014571053, "Worst-Case Distortion": 1.311560031454114, "Maximum Expansion": 1.1999628458240397, "Maximum Compression": 1.093000534156904, "_timestamp": 1667492479.6223319, "_runtime": 4.1206419467926025, "_step": 9, "_wandb": {"runtime": 3}}