{"Average Distortion": 7.241902744148376e-09, "Worst-Case Distortion": 1.0, "Maximum Expansion": 0.9999999927580973, "Maximum Compression": 1.0000000072419029, "_timestamp": 1663967542.43369, "_runtime": 7.279160976409912, "_step": 9, "_wandb": {"runtime": 7}}