{"Average Distortion": 7.241902744148376e-09, "Worst-Case Distortion": 1.0, "Maximum Expansion": 0.9999999927580973, "Maximum Compression": 1.0000000072419029, "_timestamp": 1663967934.005363, "_runtime": 7.226155042648315, "_step": 9, "_wandb": {"runtime": 7}}