{"Average Distortion": 0.11367501573089718, "Worst-Case Distortion": 1.3103173179719998, "Maximum Expansion": 1.196875468166391, "Maximum Compression": 1.0947816651129139, "_timestamp": 1667492454.2988448, "_runtime": 4.174150705337524, "_step": 9, "_wandb": {"runtime": 3}}